d0,d1,d2,d3,d4,d5,d6,d7,d8,d9,d10,d11,d12,d13,d14,d15,d16,d17,d18,d19,d20,d21,d22,d23,d24,d25,d26,d27,d28,d29,d30,d31,d32,d33,d34,d35,d36,d37,d38,d39,d40,d41,d42,d43,d44,d45,d46,d47,d48,d49,d50,d51,d52,d53,d54,d55,d56,d57,d58,d59,d60,d61,d62,d63,d64,d65,d66,d67,d68,d69,d70,d71,d72,d73,d74,d75,d76,d77,d78,d79,d80,d81,d82,d83,d84,d85,d86,d87,d88,d89,d90,d91,d92,d93,d94,d95,d96,d97,d98,d99,target
0.018769307,-0.590101957,1.34254539,-0.306173325,-0.878817201,-2.380962372,-0.086957015,2.025574684,0.055797976,-0.781132996,-1.419556499,1.481383681,1.488304853,-1.741955638,-0.619399369,1.102534652,-0.83610481,-0.813654125,-0.080544449,0.522528172,1.51032865,-0.013696294,0.501803458,0.623329043,-0.450328022,-0.245088816,-0.458458722,2.422031641,-1.428601623,0.544971824,-0.642773688,-0.893403828,-0.516243935,0.076874815,0.058810253,1.379296422,-0.545828223,-1.25346458,-0.469650805,0.610677361,0.878958106,-0.604496837,-2.107755661,-0.453061789,-1.036112905,0.566738605,-0.302844703,1.020486593,-1.330390453,1.67912817,0.748006701,-3.07894969,-0.530493677,-0.376488686,0.692819774,-1.088051677,-1.386996031,-0.315929532,0.200006425,1.619542718,0.664049208,0.692256391,0.739100277,0.534883201,-0.551279366,0.868380547,-1.206867337,1.083866239,-1.572649479,1.265666008,-0.328756303,-1.920774341,0.149128735,1.471271992,1.332123637,0.272405803,1.164266586,0.539157212,-0.861315191,-1.651873946,-1.35108161,0.232186496,1.15557313,-1.013265133,-0.414841413,0.464645118,0.892952383,-0.495765358,-0.670996249,1.432733774,0.609955251,0.782249987,-0.346139014,-0.522877157,-0.26340434,-3.818592072,0.569630742,1.542483926,0.771971345,0.607693255,other
2.392868519,0.36566335,0.192326963,0.841476858,-0.660127878,1.269556046,-0.281633139,-0.742118418,0.691281259,-1.894460917,-0.856701732,-0.131944031,-1.393054605,1.100964785,1.152842879,0.147194594,-1.864298105,1.001576543,0.146816149,-2.338177204,0.620059013,0.055668291,-0.758189321,2.704095125,1.82138896,-0.307623059,-0.009234576,0.610939622,1.408597589,-0.659640908,-0.511847496,0.261410683,0.400268734,-1.041081667,0.900250852,2.542215347,-0.599195659,0.085784748,-1.042289853,-0.304332584,-0.634898782,1.474583507,0.874685228,0.150652677,-0.810079515,1.760261655,-1.282792926,-0.644798338,-1.624549389,0.597011387,0.680380821,-0.893120468,-0.781689405,-0.988133669,0.209659427,0.622861803,-0.345763534,-0.063747123,0.733084857,-0.405511707,-0.817360163,-0.553210735,0.567720652,1.012117863,-3.217152119,0.030593913,0.458618522,-2.904750109,2.705294609,0.111121014,-0.502340138,1.070443988,1.581424594,0.481880695,0.083630838,-0.884373248,-1.031100273,1.099430323,-0.43032372,-0.259414405,0.089178853,1.040655375,0.12291988,1.373104215,-1.229720235,-1.188900352,0.030662106,0.280563205,0.878388345,0.712470591,0.202859297,1.996167421,-1.11184454,-1.161882877,-0.936574459,-0.696576893,0.365185469,-0.274650872,0.713334918,0.453046858,other
-0.951037228,-0.807331085,-0.483019233,0.293963343,0.705594003,0.463413656,-0.1469744,-0.448142827,-0.35747546,2.638728857,0.420833528,-0.574123025,-0.206193507,2.604211807,0.599786699,-1.672394753,-0.335963368,-0.039721802,-0.08103554,1.028499722,0.245192349,-0.736108124,0.17494598,0.326719433,-0.118832417,0.846775174,0.281745851,-0.109517992,-0.448779762,-1.62770617,1.244372725,0.93048948,1.773184657,-0.775606871,0.20711115,-0.968526602,0.352538645,1.224505544,-0.007199738,0.447371453,0.638505757,0.405823827,1.493029714,0.180433303,-0.632050157,-0.569782019,1.976176023,-1.605186701,-0.679179966,0.584837615,-0.004799941,-1.128864527,-2.285905838,0.458599478,0.869066536,-0.568979084,1.307159901,1.01044035,-0.789120674,0.800363541,-1.137350202,-0.514366388,-0.318887502,-0.034185126,-0.147006422,-0.567818999,-2.559671164,2.632300138,-0.473451853,2.030663013,-0.608934641,-0.875104845,0.357852995,1.510591507,0.715530515,0.430129945,-0.104378283,-2.049960852,-1.419980526,-0.561955094,0.379661143,0.576165199,1.468830347,1.83711195,1.515112996,-0.074515544,-0.40573746,0.141220495,0.4930152,-0.218774542,0.397997648,-1.1597054,1.953371286,0.15591158,0.580045164,-1.030302048,-0.530048072,2.163048744,1.678352475,0.625453115,other
0.17383337,0.157914534,0.364533514,0.490593612,-0.563357353,0.308157891,-0.670898676,0.701042891,2.141253948,-0.164717719,-0.101572692,-0.06507846,-1.452803493,1.54056716,1.759994388,-0.345872998,0.194563836,0.200512141,-1.879788995,-1.692827582,-1.443178535,0.55289042,-1.752795219,1.108656168,-0.476161093,-0.832130671,-0.71073854,0.386204839,0.562501669,-1.910553694,0.551606357,-0.508537769,-1.317052841,-0.248104855,0.124628372,1.066400647,-0.886112511,0.747831643,-0.213268012,-0.159723997,-1.200195313,0.311493069,0.982461751,-1.588976979,-1.784656882,0.909948945,0.102622546,-1.252714396,-1.570284724,1.73503983,0.436462253,1.816234469,-0.424468875,-1.422456861,0.275817573,-0.215951607,-0.234864995,1.294509649,-0.498038888,-0.977000773,0.73067522,-0.989621639,0.301098585,0.387018561,0.443217009,-1.585403919,-1.038744569,-0.629280806,-0.161421269,0.158575967,-0.663843274,0.416660577,1.531898022,0.905008256,0.006850785,-0.634222925,0.686811864,0.240142792,-1.532940507,0.520592153,-2.834527731,-0.17491211,0.944411516,-0.409577131,0.759411573,0.161718562,0.000652939,-0.789698839,-0.342514187,-1.008879304,0.221166492,-0.332130522,-1.168262362,0.308211118,2.421956062,-0.235449106,-0.555594802,0.498229146,0.268096477,-0.136622027,other
0.24284929,-1.64460969,-0.565715373,0.154651716,-0.228457451,0.628992379,0.711192012,0.013909061,0.393510938,-2.756158829,1.066704154,-0.785776913,1.659975529,-0.200444967,-1.099263072,-0.089020252,-0.547590971,1.572127581,-0.189068764,-1.094218969,1.611696243,1.071723223,0.84068042,-0.506028533,0.254081041,-1.178642511,-2.027326107,-0.862126231,-0.884321451,-0.351095289,1.647423029,0.969490886,-0.577041566,-1.026115656,-0.566320419,0.800878704,1.066557288,-1.456476212,0.389012814,-1.316616654,0.698067546,-0.782094538,0.655414462,0.470130593,-2.223099947,2.011788845,-0.304367065,-0.298437655,1.304915905,1.15258801,-0.714338481,-0.559520304,1.535827994,-0.547890723,0.1403642,0.657638073,-0.142900124,0.719046533,1.032292008,-1.543129683,1.611124277,-0.125025958,-0.362893462,-0.188303486,-1.325476527,1.436658144,-0.010141516,-1.637776256,-1.037999392,1.291271567,-0.195340425,-0.553582132,-2.585136175,1.029582381,-0.265133947,0.748504341,0.541143894,0.181004211,0.081600688,0.230831012,-1.172850966,-0.222218215,2.097211599,-0.784348607,1.188825607,1.343761683,0.646399021,0.440596014,-0.448625445,-0.288210452,-0.246353328,0.071467035,-0.513869047,0.837490499,-1.990836501,1.123387098,-1.993259907,1.049862862,2.347860575,0.05760077,other
-0.088785835,1.151659489,-0.810976923,0.05841668,-1.018697739,0.069328092,0.370160818,-1.709018946,-0.051691987,-1.409377575,1.412118435,0.762598693,-0.444471568,-0.146251976,-0.989254951,-0.812926233,1.652026772,0.612025976,-0.324386597,-0.391730815,-0.586090207,-0.002982866,-0.867877781,0.481534153,1.719823003,-1.000489831,1.198252797,-1.151723862,0.798098385,-1.150388479,1.444944143,1.627009034,0.658179879,-0.269609064,-1.003218651,-1.660343289,-1.19832325,1.694422007,-1.110099077,0.826755881,-0.697859645,0.686423898,-1.086343527,-1.689539909,2.277458668,-0.177367672,0.088179655,-1.012545109,-0.474679351,-0.239133894,1.768669844,-0.47161144,-0.430675715,0.823130608,-0.037608877,0.849441826,0.329800785,-0.631967902,0.429322153,1.696083069,2.16092515,-0.1105901,-0.606985211,-0.754170179,1.032384038,0.527461588,1.072801948,0.45219931,-0.112897173,-0.002478239,0.528466463,0.019017626,1.358422637,0.606438637,-0.375276506,-0.901073396,0.095312476,-0.365096092,-1.370252013,-3.143473625,1.269687891,-0.189968422,-1.054018855,-0.003277735,1.728888154,-1.061780572,-0.844321489,-0.438801616,-1.201052785,1.313385606,0.937946439,-0.785169721,-0.589578092,0.106894463,1.428868532,-1.474090934,-0.828905404,-1.010490656,0.22038877,-0.87746793,other
-1.354084969,-0.684334576,0.503392935,1.167926788,-1.277838111,-1.430788398,-1.012636423,0.948458135,2.841655254,-0.917015851,-1.314370275,1.414154172,0.917769253,-0.732842743,0.256082416,-1.170946836,-0.431650162,0.250951767,0.11748419,1.165748119,-0.422774315,1.184221864,0.409269959,2.16333437,-0.359039515,1.011979938,-1.48055315,-0.661397338,-0.229637399,-0.471639335,-0.484641254,1.06317544,2.897998571,0.459862947,0.616278172,-0.831951082,-0.787626326,-1.060568452,1.641229391,0.171542302,0.204706356,-0.405411512,-0.693368733,-0.968260109,-0.07820487,0.172971383,0.527254045,0.283793718,-1.143404126,1.918981433,-0.972693205,0.211415768,1.384715676,-0.383147448,-0.194374591,0.021875666,1.358860135,1.845046759,0.15846096,0.347631156,2.193333864,0.7295174,-0.596463203,-0.877002954,-1.118942261,0.975465536,-0.377308816,0.185464546,-0.481469661,-1.975339293,-0.556023896,0.902902782,-1.533049703,-2.234067678,-1.231770396,1.135669231,-0.213269919,-1.037528515,0.194011807,-0.888013184,0.473059654,-0.20534493,1.082870245,1.88438797,1.550250888,1.65472877,-1.466255665,-2.525061369,-0.342739195,1.205143452,0.915262043,0.283823729,-0.279249519,0.431942225,0.754518867,-0.375134677,0.188801974,0.263593882,0.961004078,0.549747944,other
1.213833213,1.108938575,1.184998155,-0.772721469,0.303356051,1.505224347,0.603879273,-0.26282689,1.130595446,-0.357082009,1.701999068,-1.642885685,0.732003808,-1.34817934,1.035504103,0.201227114,-0.359885693,-0.570667028,0.294210523,-0.737282455,0.326714993,0.179221168,0.914950013,1.259173274,-0.250512391,1.340085745,-0.385251224,-0.075871862,0.706384361,0.703306019,-0.597543597,-1.639555454,1.085398316,-0.047636509,1.272629976,0.181487277,2.141514778,1.311204076,-1.062191963,-1.669338942,-0.226862565,-1.163670659,1.193974018,-1.285268664,-0.489075005,1.560911059,-0.139265448,1.350554109,-0.790020287,-0.768155456,0.205963537,-0.540734231,-0.830502033,-0.757462561,-0.586251318,-0.18661949,1.58972311,-0.114182323,-0.255863428,0.16154322,0.090947188,-0.108335979,0.3453224,0.987620294,1.184818983,-0.85335201,0.780252814,-0.405192226,-0.71914196,-0.803510368,1.519020796,-1.597832084,-0.638643861,0.007836648,-1.105462909,1.240189552,-0.478008926,-0.500950098,0.478248358,0.938575268,-0.574939609,1.326277375,-0.829321325,-0.104435012,0.039397616,-0.146464974,0.723706067,-0.260485828,0.004206607,0.026427712,-0.848442256,-0.509071887,0.179413825,0.046538126,0.890937328,-1.380523205,0.808556259,3.094646692,-0.311590463,-0.432572186,other
0.823371649,0.906082749,-1.338904142,-0.088654242,-0.594805121,0.185992315,1.741384387,0.335615396,-0.335511535,-0.204760134,-0.641561091,1.636025429,-0.257178336,0.141207844,1.814785838,0.200805977,0.324820787,2.208786249,0.282566965,-0.233608067,-0.039245345,-1.756231189,0.509123802,1.764035463,1.191268206,-0.232161716,0.230733767,-0.551110089,0.040910188,-0.094623879,0.460011274,-0.837711751,0.739859998,-1.259814739,-0.005123972,0.69971174,1.574688315,-1.040020823,-0.661744893,-0.490629554,-1.091619253,0.50527066,-0.330530852,-0.959028065,-0.090863273,-1.286212564,0.083304316,-0.175642624,-1.111818075,-0.617795587,-0.914168179,-0.490254283,0.822085559,-0.480449289,1.81380558,-1.63578856,0.448075354,-0.116424814,0.421390921,0.514087498,0.286181778,0.837268114,-1.155973911,1.578514814,0.520624936,0.58782661,-1.26521194,0.555297196,0.426757425,0.422121495,-0.690679967,-0.809510291,-0.085439429,0.71271944,-0.439287126,-1.003323436,0.322808564,0.208875135,-0.579670966,1.141396761,-0.762858629,0.292906761,0.569856167,-0.843049049,-0.361172706,-0.934534073,-0.186426863,0.069629543,-0.388612092,-0.9049775,-0.310661286,2.090665579,-0.78628695,1.270719051,1.342381477,-2.010846853,2.267346621,-0.190854669,-0.365939587,1.676534653,other
-0.665844977,2.117152214,-0.934194863,-1.135819674,0.711931825,-0.206077144,-0.501335025,-1.262167454,-1.803121448,-1.158587337,1.555974722,0.506192327,-0.289520264,1.942981005,0.440716624,1.541323304,0.30160442,-0.45613867,-0.648927212,-1.012983918,0.862317502,0.364576191,-0.684694946,-0.980304182,1.218156099,0.732441425,-0.099059567,0.12649262,-0.165890872,-0.358775616,-0.457258195,0.041652203,0.765210688,1.356838465,-0.213789165,1.30605948,0.294450343,-0.369899482,-0.42269218,-1.327782393,0.729527414,-0.288811237,-1.709546328,0.16835171,0.426264733,0.963169038,0.104211025,-0.467345059,0.210432693,-0.54249531,-1.040393233,0.720619917,-1.14392066,-0.705123186,-0.795302093,2.10461235,1.178722382,0.532077372,-0.706434131,0.76426065,0.918745697,-1.716590881,0.151529446,0.328952134,0.289889842,0.543322325,0.158214226,-0.434049129,-0.735867381,-0.152802348,0.313200563,-1.754064202,-0.154618144,-0.945233405,0.698220015,-0.102281556,1.528165579,0.928760588,0.806103885,-0.760187685,-1.701826453,-0.431914538,-0.363925189,1.026912928,0.12383797,0.084744245,0.012537338,0.743768871,0.259867132,-1.246481657,-1.423817992,-2.171539068,1.090529203,-0.218629196,-0.010750287,-0.697756112,-1.564998627,-1.860777259,0.620855033,-1.76366508,other
-0.407402545,0.16985245,-0.730379105,-0.691901982,-0.246534795,0.878022552,-1.689809799,1.166168094,-0.645759404,0.348504782,-0.825745344,0.901691556,-0.211049542,0.675600111,0.379098773,-0.388794661,-1.211270452,-1.975484729,2.092500687,1.645935535,0.648734331,-0.707378745,-0.709187388,0.627694607,1.231250763,1.245282054,0.109455757,0.884944916,0.902159274,-1.532866836,0.897349536,0.224370077,1.013416886,-0.528784752,-1.295764685,0.823757589,0.075019635,1.005246878,-0.83001858,2.27274704,2.540421963,0.130976319,0.399517715,-0.42499423,0.058966365,-0.497243226,0.413808137,0.025830366,0.385936558,0.288124442,1.372119308,-2.319472313,1.764846206,-0.551670551,0.251151502,-1.150778174,1.320389152,-0.271465987,-1.050320864,0.211886942,-0.614380419,-0.218236595,1.412397861,0.987310708,1.672264695,-0.411487281,0.80045563,-0.329179347,1.334800959,-0.256763518,-1.482738614,0.04615711,-2.514809608,0.143483952,-0.821081698,0.443988234,0.379507929,-0.382916212,1.467333198,0.9231565,-0.260221034,0.838692904,0.094285496,-2.496124506,0.015537327,-0.346841961,0.826984525,-0.191885933,0.234346762,-0.45429951,0.841513276,-1.080866456,1.136925578,-0.090730287,-0.291318715,1.000128508,-0.289949358,-0.284256458,-0.275987566,-0.626758814,other
-0.852005243,-0.841876209,0.438233733,0.002711066,1.494445086,-0.40979898,-1.625627875,-0.564859331,-0.948881567,-1.050567508,1.070365667,-2.847703695,-0.345822543,-0.647116363,-0.048138157,-0.264386475,0.666601062,-0.181131691,0.407786727,-0.800821006,-2.00996232,0.899711013,-0.670148492,1.111552954,-0.336538941,0.81111908,1.540264845,-0.277213901,-0.157517433,0.033262618,-0.045916338,0.711259246,-0.315766871,0.928172231,-0.134223923,0.071843572,-0.260436803,-0.867183685,0.581409991,0.139141724,0.03335429,-0.299039871,0.758165658,0.859502316,0.6584723,-1.577112198,0.766598225,-0.050776716,-0.522101581,0.490986764,-0.304169744,1.446888328,0.714136004,-0.864964545,-0.011645308,1.361808062,1.160021663,0.478763729,0.185916826,0.994732916,-0.391437232,0.158378258,-0.362582982,2.180241823,-0.239892617,0.494096696,0.448982686,0.980069101,0.953300595,0.715690553,0.109778278,0.131188497,1.212540746,-0.242524579,-0.818470418,-0.359662533,1.423724532,2.004821062,-0.119730458,0.515366971,1.164763331,-0.118013345,0.366589397,-0.764762342,-1.286684513,0.663803279,-1.635299444,0.151625037,-0.643156886,1.062726378,0.995861769,-0.02290906,-0.165743142,0.737574756,0.090784512,-0.466699928,-0.45250544,1.647488952,1.275093913,0.035781827,other
-0.011617528,-0.619609535,-0.121325634,0.195777163,0.011807655,-1.280196071,1.387264848,-0.142535433,-0.017244853,0.53570354,0.832175553,-0.47502926,0.006127373,0.124767631,0.50627166,0.514570415,-0.853256047,-0.63449651,0.539380908,0.229181424,0.71144098,-1.407342672,0.741407812,-1.245786071,0.145065546,0.468308568,1.295771956,-1.126021385,0.153741494,0.620161772,0.415899128,-0.092247695,0.098602369,0.959485114,-0.560995162,-2.708013535,0.693043172,-1.817723751,0.596179605,1.798248649,2.039204121,-0.278293639,1.195386171,-0.7380054,-0.548789203,0.765412271,0.192892909,1.530488133,-0.880640268,0.519253552,0.743368328,0.319352567,-0.555431366,-0.281522989,-0.729975462,-1.438334823,-0.839041829,-0.44005847,-0.374452174,0.190269798,1.090680718,-0.515062869,-0.344041735,-0.948246002,0.792553544,-1.344613075,-0.460841298,-0.907545507,-1.488976717,2.164423704,-0.315049559,0.522340238,-1.387997627,0.433603048,1.499688745,-1.109556198,-0.289817482,-0.396183372,0.988772094,0.783847034,0.283757061,0.413576365,-0.074589878,-0.827343583,0.492968023,1.229222655,0.407003164,0.117253348,-1.125591278,1.474508047,-1.065276027,-0.503178596,-0.169130191,-0.560472727,0.888051093,-0.773039401,-0.353568822,1.734388947,1.022715926,-1.229670644,other
-0.936608434,-1.164774537,-0.357708097,0.527237058,-0.872078836,-0.611846745,-0.705627024,-1.29551065,0.721110463,0.806238592,-0.465650439,-1.626021266,-0.298149765,-0.175085008,-0.030303486,1.656096816,-1.571861744,-1.465084672,0.496265233,-0.108039431,0.102452777,-0.919572771,1.164694548,-1.732083321,-0.797879517,0.269815564,-2.011148691,-0.073601536,-0.547373593,-1.031059027,-1.142300129,-0.846722841,0.282133609,0.392905444,-0.643247128,0.431861043,0.554877222,2.038968801,0.34449634,-0.432043374,0.55078721,-1.343925357,-1.179748654,-1.152939916,1.354704857,-0.549180031,0.183065608,1.102972269,-0.777607024,0.293568939,1.375722408,0.293508857,1.535898924,0.427636385,-1.5374825,-0.43054688,1.005951285,0.74238193,-0.562463105,0.652892232,0.338625312,0.170542106,1.438135982,2.71887517,0.578636348,-0.287170082,-1.117840767,-0.141209692,1.640088916,0.10156738,-1.157253027,-0.764810443,0.66049993,-1.275088072,-0.278108388,0.71493572,-0.13821806,-0.816356719,0.315034181,0.291316897,1.574079514,-1.395153642,-1.025022745,1.978432775,-0.547890007,1.200084925,0.067349538,0.282176852,-0.527934909,-1.142639279,0.491116583,-0.415741235,-1.425901413,0.135892689,-1.054353833,-0.440563291,0.304065049,-0.343214035,-1.755929589,-0.546325207,other
-0.876212299,0.59746027,0.597141027,-0.524881184,-0.753634632,-0.844025373,-0.804469824,0.00672987,1.387647867,-2.227886677,0.461227059,0.003039942,0.452591956,0.80206418,1.63294816,-1.405686617,0.625112474,1.341764212,1.289841771,0.214426741,0.676593184,-0.047619089,-0.500511825,0.065195158,0.2547566,2.357549667,1.113565087,1.710885048,0.538490295,0.210230693,-0.334402263,0.536625981,0.640434802,-1.385821819,1.179645538,-0.120435208,-0.038286056,1.562036395,-0.056014277,1.104620576,-0.800789118,0.216764405,0.649866402,0.118144438,-1.555615783,-0.036559012,0.819658637,-0.039436292,-1.020300746,0.963882208,0.368166357,0.063349083,0.379451007,1.025232911,-0.185328081,-1.855031371,1.10959506,-0.157181755,0.554568648,-1.096834421,0.787564218,0.511541307,-0.595290244,1.178903699,-0.467760146,-0.733971655,0.121849462,1.028601766,0.233460084,0.055399153,0.510115385,-0.306117833,0.864262044,0.04427667,0.776620686,0.331530452,1.2872684,-0.543897271,-1.7770468,-0.47643882,0.238039777,-1.931641579,0.320435673,0.496775895,-0.142376035,0.746645391,-1.123883605,0.583530843,-0.567030191,-0.677929223,0.517380953,-1.119246244,-0.992028832,0.773988307,-0.869597912,-2.12626338,0.584810615,0.201183498,1.726096034,1.300448656,other
-0.510975301,0.987789214,-0.894946754,-0.496795177,0.228516474,-1.416285396,1.140380383,0.086041398,0.76459527,0.63604629,0.183119416,0.736503839,0.207788423,-0.684679329,-0.495727211,0.339149296,-0.689882517,-0.299559653,1.442584991,0.01381084,-0.036282878,-0.416160315,2.392462492,0.030794198,-0.932748437,-0.736142755,1.868392229,-1.013359427,-0.145409808,1.958296537,0.868076265,-1.753378868,0.991671205,0.547491193,-0.733949661,0.440981209,1.039834619,-1.751657367,2.787684917,-0.734538555,-0.782891035,1.012653828,1.052874327,-0.204012305,1.992954373,2.102519512,-0.333390981,-0.356900901,1.200515985,-0.265717506,-3.373941898,-0.304125458,-0.629614711,1.790209889,-0.520424426,0.790642262,0.100400031,0.584176481,1.257224441,0.242087632,-1.28415668,0.358901739,1.56587708,1.406288385,-0.278728634,-0.076630048,-1.666212797,-0.579930484,-0.851777494,0.002766069,0.836363435,0.969364047,0.716394186,-0.845561683,1.796289206,-0.429192007,0.74824816,-0.853313446,0.6963498,1.411276579,0.366394162,-0.361470729,0.451721191,-0.346725434,-1.272650599,-0.305557132,0.469255477,-0.234297425,-1.489357114,0.029478176,0.510600567,-0.714061081,-0.37004745,1.215891123,1.107430577,0.327154964,-0.238722146,1.606356978,-0.39084214,0.886537731,other
-1.359059691,0.037333205,1.543905258,-2.396794796,1.292955756,-0.518203318,1.208282232,2.62229228,0.854611516,-1.87099123,0.717040181,-2.415419579,-0.859977424,0.462305635,0.069947779,1.117763519,-1.403408766,-0.010955662,1.01398015,1.569867849,0.307737619,-0.13789776,0.188748747,2.139821291,0.413156509,-0.452975571,-1.265469909,-0.57935816,0.008843988,0.838004529,-1.357798219,-0.332572669,-1.46731329,-0.282850504,0.477776796,0.835286438,1.687975287,0.226327047,-0.32367748,3.224978924,-1.549642324,1.07760191,1.550892949,3.57E-05,0.097080395,1.502213955,-0.560275316,1.014535666,-0.389233679,0.961277008,0.897885442,1.153114438,0.721071362,-1.735103369,-1.218891382,0.049989387,0.040485237,-0.495044291,0.998402178,0.009940222,0.408420086,-2.125080824,-1.97697401,-0.259497136,-0.241830096,1.096737623,-0.053927775,1.137295604,-1.157280564,-1.304279685,0.587172747,1.103995323,-0.467009097,1.124961257,-0.816233218,-0.029725984,-0.301662326,0.133889019,0.310410976,1.809284687,0.476882547,-1.174454689,0.671279311,1.841144323,-0.692166865,-1.011798024,1.424292445,1.161673665,-0.119292364,-0.048028376,-0.510089576,0.515311658,0.011907209,0.203270629,-0.114071064,-0.310334384,-1.15607214,0.435269058,0.596571743,0.968360543,other
-4.042465687,-1.996628165,0.928378761,-0.991730452,0.637860835,1.234012008,0.415315747,0.202082753,-1.664135098,-2.450973034,-0.222278744,0.438199341,2.876290798,-0.00492326,0.144267514,0.358886719,2.099728107,1.758195996,0.224589869,0.080922276,1.558953166,-0.587933779,0.482434005,0.892109871,-1.455746651,-1.638347149,-1.449928522,-0.995799959,-1.720702887,-1.131580234,0.981120169,-0.517776728,-1.582355618,-0.267474234,0.620309472,0.461019307,0.330377221,0.847217619,0.678102434,1.530142188,-0.716168404,0.013207173,-0.04536093,-1.140838981,-0.56184727,1.151545525,0.751448333,-1.247463346,-1.057019114,-0.079894245,0.807079494,-1.592025757,1.394327164,-1.260790467,0.137645572,0.390560389,1.237748027,-1.561733246,0.457762688,-1.113137722,1.469346285,-1.294364214,-0.342120737,-0.711637497,1.148288965,-1.556209803,1.368185401,-0.756045282,-1.118997335,-1.378128409,-1.828306913,0.557727993,0.38894996,-1.706331611,-0.045482624,1.42680335,-0.994316459,0.652258694,0.881438196,-0.452892691,-0.747540474,-0.45893538,0.676551282,0.587241173,0.863031685,-0.560018301,0.172094181,-1.454409838,-0.069263786,-0.137090191,1.124273062,-0.176593721,0.798538387,-0.702902615,-2.49762845,0.052887686,-0.62095201,1.437010527,-1.08051455,-1.791624665,other
0.262704492,-1.077983975,-0.140591398,-0.164809301,-0.854628503,-0.093506746,-0.036125429,-0.187949598,-0.282689571,-0.455618322,-0.021669753,0.092179105,-0.654537022,1.846869111,-1.188318372,-1.077617645,-0.463033199,2.096977234,2.073949099,-0.523841202,0.318670779,0.546924829,1.186541319,-0.324051052,-1.03466177,-1.022080898,-0.784630895,0.196339279,-0.142102256,0.238433182,0.675068021,-0.126876801,-0.157209098,-0.904632866,-0.694872141,-0.365102857,0.433998734,0.11990355,0.685341477,1.131351471,0.959574103,0.807045341,0.679058075,-0.233997062,-1.137268066,-0.977688611,-0.323628485,0.835808396,0.466994375,-0.570598423,-0.843139648,-1.443142891,3.053457975,-0.689095616,1.06357491,0.558015227,0.136311084,-0.278087467,-1.185385942,1.052306533,1.926271081,0.041814446,-1.011194706,-0.097798623,0.930905282,-1.182893515,-0.089282833,1.536150217,0.395800233,-0.269971222,1.042834401,-0.516198039,0.372094363,-1.34961462,0.616685927,1.018709064,-0.186261639,-0.811920822,0.569755971,0.713054597,-0.208147794,0.837719321,-0.049088735,0.118251763,0.103389509,-0.096063338,-0.347982138,-0.047531508,-0.898632526,0.643452108,-0.105319887,-0.325777829,-1.147070765,-2.591055393,0.537627995,1.204944015,-0.546603799,1.499577403,-0.653398812,-0.863315284,other
1.811705709,-0.403724939,1.278148055,-0.332289785,-0.819026887,1.249629378,0.274728507,-0.868944049,0.617630184,-1.550755382,-0.758113444,-0.700614393,0.81200701,-2.072420359,0.476778686,-0.161436945,-0.749685228,-0.935154796,-0.425392717,0.763478041,1.552209377,-1.549846292,0.702237844,1.065251708,0.18083638,-0.352378845,0.439042062,-1.330900669,-2.326255798,-0.878691912,-0.264907092,0.474101841,0.709611833,0.215725318,-0.421451569,1.491336942,-0.339222431,-1.307717085,0.422561765,-0.745482981,-0.664465487,-0.544430137,0.364841789,0.09236677,1.459315896,-0.670993865,-0.774662256,0.869200408,-1.551334023,-0.706077576,1.741614699,-0.658179283,1.224269509,1.061192513,0.746175289,1.638925195,0.276016444,-1.036543965,-0.797067761,-0.916139364,-0.07318268,-0.031038068,1.129848003,1.679286361,0.025855735,-0.563301086,-1.183141828,1.435088992,-1.322289228,0.432932168,-0.707108855,0.627578318,-0.043210648,2.613353014,-0.631031752,-0.073619455,0.571475267,0.463932365,-2.743857384,-0.548278213,-0.916010201,0.996268988,0.75832808,1.75298965,0.092057668,-1.002672076,1.554941297,-1.132420063,1.613576412,-2.515476942,-0.516185343,-0.620191932,1.886912465,-1.864183426,0.358552337,0.907101631,0.031190377,-0.284923136,-0.216537982,0.008048853,other
-1.028027892,0.920095563,1.617263198,1.132100344,-1.426416039,0.963544786,-0.262103558,0.498470455,-0.178920999,0.892545879,0.413289517,-0.080179743,-0.537662566,-1.898194909,0.324136436,-0.193074718,1.54294908,0.164464742,-1.557103157,0.111783087,0.036399942,-0.233266622,-3.008657932,-0.403918624,-0.920410514,0.798117101,-0.019814482,-0.752753139,-0.039206523,0.805537462,0.702890635,0.598205745,1.025087357,-0.186237082,2.783045053,-0.686101556,0.359693676,0.064739019,-0.787227631,-0.966476977,-0.846388638,-0.191878706,-0.213146403,1.581987977,-0.626648903,1.54190743,0.796237528,0.670939267,-0.607623935,0.63597095,-0.108539544,1.441189766,-0.677795827,0.064507462,-0.715795636,0.538822353,0.108107746,-1.17699492,1.156818271,-0.072818227,-0.812586069,-1.092281461,-1.234509706,0.172307283,0.625538349,1.569512606,-0.009719566,0.079437271,0.617028534,-0.906142235,0.312254906,-2.071040869,1.084375858,0.376777112,1.275121093,-1.00308013,0.217173696,0.570763469,1.265778899,-0.523611605,-0.826488376,0.948946953,-0.122103155,1.834909558,-1.151784301,0.920344114,0.055201873,-0.501385689,-1.987104893,-1.6975981,-0.192491576,-0.497833997,2.348674297,-1.578774214,-0.311298132,-0.736851275,1.772502184,1.578675389,-0.406192899,0.942502439,suspicious
-0.794347227,2.463604689,-1.541233659,1.581371307,0.441137761,1.582218409,-0.566086948,0.658421159,0.472406447,1.942877769,0.549706101,0.272876352,0.635868073,-0.123507932,-0.816664636,0.363346279,-0.720732391,0.428192675,-1.51835072,0.711896718,0.037471287,-1.134962678,0.89395231,1.498021722,1.466505051,1.686362505,-0.316647828,0.180348366,-0.772995353,1.631288528,-0.83416152,0.127478004,0.395196348,1.09038043,1.62808311,-0.978074491,0.976981997,-1.283910871,-0.695944309,-1.2380476,-0.454065949,0.003371391,1.72444272,-0.998793423,0.363094449,0.586513042,-0.018784067,1.269437432,1.29461205,-0.091169417,-0.611394882,-1.24820292,-0.266358227,-1.145290136,0.548402011,0.346127957,-1.345801711,1.60317862,-0.116493955,-0.882645428,-2.6177001,-0.66416961,0.769195795,-0.819532335,1.585056782,-0.213295341,-0.50182426,-0.472685605,0.143858403,1.31279695,1.065664649,0.389262646,-0.354759932,-0.42937696,-2.794017792,-0.173982799,1.174668908,1.306853056,0.177353546,-0.511947274,1.106418371,0.156153589,0.739749968,-0.503122985,0.105608955,-1.361980557,0.292747766,0.601300597,0.773929656,-0.438594341,-1.198836088,0.847998559,-0.805678129,1.254837513,0.998335898,-1.412859082,-0.004871974,-0.627487779,-1.485610366,-1.56824708,suspicious
